{
    "keep": {
        "days": true,
        "amount": 14
    },
    "auditLog": "logs/.18cdbcea9831d65c114cbc0258ccc14c76c57355-audit.json",
    "files": [
        {
            "date": 1726644393456,
            "name": "logs/2024-09-18.log",
            "hash": "42a4d7ef38770b8550e774cc1df8ef87cc1d85e875e975bff25fb1138692d04a"
        },
        {
            "date": 1726812864844,
            "name": "logs/2024-09-20.log",
            "hash": "c13e5d6f1c745ae562e4258a645228d36f30943af0ce264a84f304a4bfef1152"
        },
        {
            "date": 1726924051284,
            "name": "logs/2024-09-21.log",
            "hash": "a3c10a16fee1a8ad757f89e057a186bce0bbfec79afdb129d933cdd36d9ab21a"
        }
    ],
    "hashType": "sha256"
}